,Unnamed: 0,image_path,seg_od_path,seg_ma_path,seg_he_path,seg_ex_path,seg_se_path
0,0,A. Segmentation/1. Original Images/a. Training Set/IDRiD_44.jpg,A. Segmentation/2. All Segmentation Groundtruths/a. Training Set/5. Optic Disc/IDRiD_44_OD.tif,A. Segmentation/2. All Segmentation Groundtruths/a. Training Set/1. Microaneurysms/IDRiD_44_MA.tif,A. Segmentation/2. All Segmentation Groundtruths/a. Training Set/2. Haemorrhages/IDRiD_44_HE.tif,A. Segmentation/2. All Segmentation Groundtruths/a. Training Set/3. Hard Exudates/IDRiD_44_EX.tif,
1,1,A. Segmentation/1. Original Images/a. Training Set/IDRiD_54.jpg,A. Segmentation/2. All Segmentation Groundtruths/a. Training Set/5. Optic Disc/IDRiD_54_OD.tif,A. Segmentation/2. All Segmentation Groundtruths/a. Training Set/1. Microaneurysms/IDRiD_54_MA.tif,A. Segmentation/2. All Segmentation Groundtruths/a. Training Set/2. Haemorrhages/IDRiD_54_HE.tif,A. Segmentation/2. All Segmentation Groundtruths/a. Training Set/3. Hard Exudates/IDRiD_54_EX.tif,A. Segmentation/2. All Segmentation Groundtruths/a. Training Set/4. Soft Exudates/IDRiD_54_SE.tif
2,2,A. Segmentation/1. Original Images/a. Training Set/IDRiD_40.jpg,A. Segmentation/2. All Segmentation Groundtruths/a. Training Set/5. Optic Disc/IDRiD_40_OD.tif,A. Segmentation/2. All Segmentation Groundtruths/a. Training Set/1. Microaneurysms/IDRiD_40_MA.tif,A. Segmentation/2. All Segmentation Groundtruths/a. Training Set/2. Haemorrhages/IDRiD_40_HE.tif,A. Segmentation/2. All Segmentation Groundtruths/a. Training Set/3. Hard Exudates/IDRiD_40_EX.tif,
3,3,A. Segmentation/1. Original Images/a. Training Set/IDRiD_18.jpg,A. Segmentation/2. All Segmentation Groundtruths/a. Training Set/5. Optic Disc/IDRiD_18_OD.tif,A. Segmentation/2. All Segmentation Groundtruths/a. Training Set/1. Microaneurysms/IDRiD_18_MA.tif,A. Segmentation/2. All Segmentation Groundtruths/a. Training Set/2. Haemorrhages/IDRiD_18_HE.tif,A. Segmentation/2. All Segmentation Groundtruths/a. Training Set/3. Hard Exudates/IDRiD_18_EX.tif,A. Segmentation/2. All Segmentation Groundtruths/a. Training Set/4. Soft Exudates/IDRiD_18_SE.tif
4,4,A. Segmentation/1. Original Images/a. Training Set/IDRiD_32.jpg,A. Segmentation/2. All Segmentation Groundtruths/a. Training Set/5. Optic Disc/IDRiD_32_OD.tif,A. Segmentation/2. All Segmentation Groundtruths/a. Training Set/1. Microaneurysms/IDRiD_32_MA.tif,A. Segmentation/2. All Segmentation Groundtruths/a. Training Set/2. Haemorrhages/IDRiD_32_HE.tif,A. Segmentation/2. All Segmentation Groundtruths/a. Training Set/3. Hard Exudates/IDRiD_32_EX.tif,A. Segmentation/2. All Segmentation Groundtruths/a. Training Set/4. Soft Exudates/IDRiD_32_SE.tif
5,5,A. Segmentation/1. Original Images/a. Training Set/IDRiD_06.jpg,A. Segmentation/2. All Segmentation Groundtruths/a. Training Set/5. Optic Disc/IDRiD_06_OD.tif,A. Segmentation/2. All Segmentation Groundtruths/a. Training Set/1. Microaneurysms/IDRiD_06_MA.tif,A. Segmentation/2. All Segmentation Groundtruths/a. Training Set/2. Haemorrhages/IDRiD_06_HE.tif,A. Segmentation/2. All Segmentation Groundtruths/a. Training Set/3. Hard Exudates/IDRiD_06_EX.tif,
6,6,A. Segmentation/1. Original Images/a. Training Set/IDRiD_45.jpg,A. Segmentation/2. All Segmentation Groundtruths/a. Training Set/5. Optic Disc/IDRiD_45_OD.tif,A. Segmentation/2. All Segmentation Groundtruths/a. Training Set/1. Microaneurysms/IDRiD_45_MA.tif,A. Segmentation/2. All Segmentation Groundtruths/a. Training Set/2. Haemorrhages/IDRiD_45_HE.tif,A. Segmentation/2. All Segmentation Groundtruths/a. Training Set/3. Hard Exudates/IDRiD_45_EX.tif,
7,7,A. Segmentation/1. Original Images/a. Training Set/IDRiD_35.jpg,A. Segmentation/2. All Segmentation Groundtruths/a. Training Set/5. Optic Disc/IDRiD_35_OD.tif,A. Segmentation/2. All Segmentation Groundtruths/a. Training Set/1. Microaneurysms/IDRiD_35_MA.tif,A. Segmentation/2. All Segmentation Groundtruths/a. Training Set/2. Haemorrhages/IDRiD_35_HE.tif,A. Segmentation/2. All Segmentation Groundtruths/a. Training Set/3. Hard Exudates/IDRiD_35_EX.tif,A. Segmentation/2. All Segmentation Groundtruths/a. Training Set/4. Soft Exudates/IDRiD_35_SE.tif
8,8,A. Segmentation/1. Original Images/a. Training Set/IDRiD_09.jpg,A. Segmentation/2. All Segmentation Groundtruths/a. Training Set/5. Optic Disc/IDRiD_09_OD.tif,A. Segmentation/2. All Segmentation Groundtruths/a. Training Set/1. Microaneurysms/IDRiD_09_MA.tif,A. Segmentation/2. All Segmentation Groundtruths/a. Training Set/2. Haemorrhages/IDRiD_09_HE.tif,A. Segmentation/2. All Segmentation Groundtruths/a. Training Set/3. Hard Exudates/IDRiD_09_EX.tif,
9,9,A. Segmentation/1. Original Images/a. Training Set/IDRiD_04.jpg,A. Segmentation/2. All Segmentation Groundtruths/a. Training Set/5. Optic Disc/IDRiD_04_OD.tif,A. Segmentation/2. All Segmentation Groundtruths/a. Training Set/1. Microaneurysms/IDRiD_04_MA.tif,A. Segmentation/2. All Segmentation Groundtruths/a. Training Set/2. Haemorrhages/IDRiD_04_HE.tif,A. Segmentation/2. All Segmentation Groundtruths/a. Training Set/3. Hard Exudates/IDRiD_04_EX.tif,
10,10,A. Segmentation/1. Original Images/a. Training Set/IDRiD_36.jpg,A. Segmentation/2. All Segmentation Groundtruths/a. Training Set/5. Optic Disc/IDRiD_36_OD.tif,A. Segmentation/2. All Segmentation Groundtruths/a. Training Set/1. Microaneurysms/IDRiD_36_MA.tif,A. Segmentation/2. All Segmentation Groundtruths/a. Training Set/2. Haemorrhages/IDRiD_36_HE.tif,A. Segmentation/2. All Segmentation Groundtruths/a. Training Set/3. Hard Exudates/IDRiD_36_EX.tif,
11,11,A. Segmentation/1. Original Images/a. Training Set/IDRiD_02.jpg,A. Segmentation/2. All Segmentation Groundtruths/a. Training Set/5. Optic Disc/IDRiD_02_OD.tif,A. Segmentation/2. All Segmentation Groundtruths/a. Training Set/1. Microaneurysms/IDRiD_02_MA.tif,A. Segmentation/2. All Segmentation Groundtruths/a. Training Set/2. Haemorrhages/IDRiD_02_HE.tif,A. Segmentation/2. All Segmentation Groundtruths/a. Training Set/3. Hard Exudates/IDRiD_02_EX.tif,
12,12,A. Segmentation/1. Original Images/a. Training Set/IDRiD_27.jpg,A. Segmentation/2. All Segmentation Groundtruths/a. Training Set/5. Optic Disc/IDRiD_27_OD.tif,A. Segmentation/2. All Segmentation Groundtruths/a. Training Set/1. Microaneurysms/IDRiD_27_MA.tif,A. Segmentation/2. All Segmentation Groundtruths/a. Training Set/2. Haemorrhages/IDRiD_27_HE.tif,A. Segmentation/2. All Segmentation Groundtruths/a. Training Set/3. Hard Exudates/IDRiD_27_EX.tif,
13,13,A. Segmentation/1. Original Images/a. Training Set/IDRiD_21.jpg,A. Segmentation/2. All Segmentation Groundtruths/a. Training Set/5. Optic Disc/IDRiD_21_OD.tif,A. Segmentation/2. All Segmentation Groundtruths/a. Training Set/1. Microaneurysms/IDRiD_21_MA.tif,A. Segmentation/2. All Segmentation Groundtruths/a. Training Set/2. Haemorrhages/IDRiD_21_HE.tif,A. Segmentation/2. All Segmentation Groundtruths/a. Training Set/3. Hard Exudates/IDRiD_21_EX.tif,
14,14,A. Segmentation/1. Original Images/a. Training Set/IDRiD_38.jpg,A. Segmentation/2. All Segmentation Groundtruths/a. Training Set/5. Optic Disc/IDRiD_38_OD.tif,A. Segmentation/2. All Segmentation Groundtruths/a. Training Set/1. Microaneurysms/IDRiD_38_MA.tif,A. Segmentation/2. All Segmentation Groundtruths/a. Training Set/2. Haemorrhages/IDRiD_38_HE.tif,A. Segmentation/2. All Segmentation Groundtruths/a. Training Set/3. Hard Exudates/IDRiD_38_EX.tif,A. Segmentation/2. All Segmentation Groundtruths/a. Training Set/4. Soft Exudates/IDRiD_38_SE.tif
15,15,A. Segmentation/1. Original Images/a. Training Set/IDRiD_05.jpg,A. Segmentation/2. All Segmentation Groundtruths/a. Training Set/5. Optic Disc/IDRiD_05_OD.tif,A. Segmentation/2. All Segmentation Groundtruths/a. Training Set/1. Microaneurysms/IDRiD_05_MA.tif,A. Segmentation/2. All Segmentation Groundtruths/a. Training Set/2. Haemorrhages/IDRiD_05_HE.tif,A. Segmentation/2. All Segmentation Groundtruths/a. Training Set/3. Hard Exudates/IDRiD_05_EX.tif,
16,16,A. Segmentation/1. Original Images/a. Training Set/IDRiD_37.jpg,A. Segmentation/2. All Segmentation Groundtruths/a. Training Set/5. Optic Disc/IDRiD_37_OD.tif,A. Segmentation/2. All Segmentation Groundtruths/a. Training Set/1. Microaneurysms/IDRiD_37_MA.tif,A. Segmentation/2. All Segmentation Groundtruths/a. Training Set/2. Haemorrhages/IDRiD_37_HE.tif,A. Segmentation/2. All Segmentation Groundtruths/a. Training Set/3. Hard Exudates/IDRiD_37_EX.tif,
17,17,A. Segmentation/1. Original Images/a. Training Set/IDRiD_29.jpg,A. Segmentation/2. All Segmentation Groundtruths/a. Training Set/5. Optic Disc/IDRiD_29_OD.tif,A. Segmentation/2. All Segmentation Groundtruths/a. Training Set/1. Microaneurysms/IDRiD_29_MA.tif,A. Segmentation/2. All Segmentation Groundtruths/a. Training Set/2. Haemorrhages/IDRiD_29_HE.tif,A. Segmentation/2. All Segmentation Groundtruths/a. Training Set/3. Hard Exudates/IDRiD_29_EX.tif,
18,18,A. Segmentation/1. Original Images/a. Training Set/IDRiD_34.jpg,A. Segmentation/2. All Segmentation Groundtruths/a. Training Set/5. Optic Disc/IDRiD_34_OD.tif,A. Segmentation/2. All Segmentation Groundtruths/a. Training Set/1. Microaneurysms/IDRiD_34_MA.tif,A. Segmentation/2. All Segmentation Groundtruths/a. Training Set/2. Haemorrhages/IDRiD_34_HE.tif,A. Segmentation/2. All Segmentation Groundtruths/a. Training Set/3. Hard Exudates/IDRiD_34_EX.tif,
19,19,A. Segmentation/1. Original Images/a. Training Set/IDRiD_25.jpg,A. Segmentation/2. All Segmentation Groundtruths/a. Training Set/5. Optic Disc/IDRiD_25_OD.tif,A. Segmentation/2. All Segmentation Groundtruths/a. Training Set/1. Microaneurysms/IDRiD_25_MA.tif,A. Segmentation/2. All Segmentation Groundtruths/a. Training Set/2. Haemorrhages/IDRiD_25_HE.tif,A. Segmentation/2. All Segmentation Groundtruths/a. Training Set/3. Hard Exudates/IDRiD_25_EX.tif,A. Segmentation/2. All Segmentation Groundtruths/a. Training Set/4. Soft Exudates/IDRiD_25_SE.tif
20,20,A. Segmentation/1. Original Images/a. Training Set/IDRiD_42.jpg,A. Segmentation/2. All Segmentation Groundtruths/a. Training Set/5. Optic Disc/IDRiD_42_OD.tif,A. Segmentation/2. All Segmentation Groundtruths/a. Training Set/1. Microaneurysms/IDRiD_42_MA.tif,A. Segmentation/2. All Segmentation Groundtruths/a. Training Set/2. Haemorrhages/IDRiD_42_HE.tif,A. Segmentation/2. All Segmentation Groundtruths/a. Training Set/3. Hard Exudates/IDRiD_42_EX.tif,
21,21,A. Segmentation/1. Original Images/a. Training Set/IDRiD_16.jpg,A. Segmentation/2. All Segmentation Groundtruths/a. Training Set/5. Optic Disc/IDRiD_16_OD.tif,A. Segmentation/2. All Segmentation Groundtruths/a. Training Set/1. Microaneurysms/IDRiD_16_MA.tif,A. Segmentation/2. All Segmentation Groundtruths/a. Training Set/2. Haemorrhages/IDRiD_16_HE.tif,A. Segmentation/2. All Segmentation Groundtruths/a. Training Set/3. Hard Exudates/IDRiD_16_EX.tif,
22,22,A. Segmentation/1. Original Images/a. Training Set/IDRiD_24.jpg,A. Segmentation/2. All Segmentation Groundtruths/a. Training Set/5. Optic Disc/IDRiD_24_OD.tif,A. Segmentation/2. All Segmentation Groundtruths/a. Training Set/1. Microaneurysms/IDRiD_24_MA.tif,A. Segmentation/2. All Segmentation Groundtruths/a. Training Set/2. Haemorrhages/IDRiD_24_HE.tif,A. Segmentation/2. All Segmentation Groundtruths/a. Training Set/3. Hard Exudates/IDRiD_24_EX.tif,
23,23,A. Segmentation/1. Original Images/a. Training Set/IDRiD_15.jpg,A. Segmentation/2. All Segmentation Groundtruths/a. Training Set/5. Optic Disc/IDRiD_15_OD.tif,A. Segmentation/2. All Segmentation Groundtruths/a. Training Set/1. Microaneurysms/IDRiD_15_MA.tif,A. Segmentation/2. All Segmentation Groundtruths/a. Training Set/2. Haemorrhages/IDRiD_15_HE.tif,A. Segmentation/2. All Segmentation Groundtruths/a. Training Set/3. Hard Exudates/IDRiD_15_EX.tif,
24,24,A. Segmentation/1. Original Images/a. Training Set/IDRiD_47.jpg,A. Segmentation/2. All Segmentation Groundtruths/a. Training Set/5. Optic Disc/IDRiD_47_OD.tif,A. Segmentation/2. All Segmentation Groundtruths/a. Training Set/1. Microaneurysms/IDRiD_47_MA.tif,A. Segmentation/2. All Segmentation Groundtruths/a. Training Set/2. Haemorrhages/IDRiD_47_HE.tif,A. Segmentation/2. All Segmentation Groundtruths/a. Training Set/3. Hard Exudates/IDRiD_47_EX.tif,A. Segmentation/2. All Segmentation Groundtruths/a. Training Set/4. Soft Exudates/IDRiD_47_SE.tif
25,25,A. Segmentation/1. Original Images/a. Training Set/IDRiD_19.jpg,A. Segmentation/2. All Segmentation Groundtruths/a. Training Set/5. Optic Disc/IDRiD_19_OD.tif,A. Segmentation/2. All Segmentation Groundtruths/a. Training Set/1. Microaneurysms/IDRiD_19_MA.tif,A. Segmentation/2. All Segmentation Groundtruths/a. Training Set/2. Haemorrhages/IDRiD_19_HE.tif,A. Segmentation/2. All Segmentation Groundtruths/a. Training Set/3. Hard Exudates/IDRiD_19_EX.tif,A. Segmentation/2. All Segmentation Groundtruths/a. Training Set/4. Soft Exudates/IDRiD_19_SE.tif
26,26,A. Segmentation/1. Original Images/a. Training Set/IDRiD_39.jpg,A. Segmentation/2. All Segmentation Groundtruths/a. Training Set/5. Optic Disc/IDRiD_39_OD.tif,A. Segmentation/2. All Segmentation Groundtruths/a. Training Set/1. Microaneurysms/IDRiD_39_MA.tif,A. Segmentation/2. All Segmentation Groundtruths/a. Training Set/2. Haemorrhages/IDRiD_39_HE.tif,A. Segmentation/2. All Segmentation Groundtruths/a. Training Set/3. Hard Exudates/IDRiD_39_EX.tif,A. Segmentation/2. All Segmentation Groundtruths/a. Training Set/4. Soft Exudates/IDRiD_39_SE.tif
27,27,A. Segmentation/1. Original Images/a. Training Set/IDRiD_12.jpg,A. Segmentation/2. All Segmentation Groundtruths/a. Training Set/5. Optic Disc/IDRiD_12_OD.tif,A. Segmentation/2. All Segmentation Groundtruths/a. Training Set/1. Microaneurysms/IDRiD_12_MA.tif,A. Segmentation/2. All Segmentation Groundtruths/a. Training Set/2. Haemorrhages/IDRiD_12_HE.tif,A. Segmentation/2. All Segmentation Groundtruths/a. Training Set/3. Hard Exudates/IDRiD_12_EX.tif,
28,28,A. Segmentation/1. Original Images/a. Training Set/IDRiD_51.jpg,A. Segmentation/2. All Segmentation Groundtruths/a. Training Set/5. Optic Disc/IDRiD_51_OD.tif,A. Segmentation/2. All Segmentation Groundtruths/a. Training Set/1. Microaneurysms/IDRiD_51_MA.tif,A. Segmentation/2. All Segmentation Groundtruths/a. Training Set/2. Haemorrhages/IDRiD_51_HE.tif,A. Segmentation/2. All Segmentation Groundtruths/a. Training Set/3. Hard Exudates/IDRiD_51_EX.tif,A. Segmentation/2. All Segmentation Groundtruths/a. Training Set/4. Soft Exudates/IDRiD_51_SE.tif
29,29,A. Segmentation/1. Original Images/a. Training Set/IDRiD_17.jpg,A. Segmentation/2. All Segmentation Groundtruths/a. Training Set/5. Optic Disc/IDRiD_17_OD.tif,A. Segmentation/2. All Segmentation Groundtruths/a. Training Set/1. Microaneurysms/IDRiD_17_MA.tif,A. Segmentation/2. All Segmentation Groundtruths/a. Training Set/2. Haemorrhages/IDRiD_17_HE.tif,A. Segmentation/2. All Segmentation Groundtruths/a. Training Set/3. Hard Exudates/IDRiD_17_EX.tif,A. Segmentation/2. All Segmentation Groundtruths/a. Training Set/4. Soft Exudates/IDRiD_17_SE.tif
30,30,A. Segmentation/1. Original Images/a. Training Set/IDRiD_41.jpg,A. Segmentation/2. All Segmentation Groundtruths/a. Training Set/5. Optic Disc/IDRiD_41_OD.tif,A. Segmentation/2. All Segmentation Groundtruths/a. Training Set/1. Microaneurysms/IDRiD_41_MA.tif,A. Segmentation/2. All Segmentation Groundtruths/a. Training Set/2. Haemorrhages/IDRiD_41_HE.tif,A. Segmentation/2. All Segmentation Groundtruths/a. Training Set/3. Hard Exudates/IDRiD_41_EX.tif,
31,31,A. Segmentation/1. Original Images/a. Training Set/IDRiD_48.jpg,A. Segmentation/2. All Segmentation Groundtruths/a. Training Set/5. Optic Disc/IDRiD_48_OD.tif,A. Segmentation/2. All Segmentation Groundtruths/a. Training Set/1. Microaneurysms/IDRiD_48_MA.tif,A. Segmentation/2. All Segmentation Groundtruths/a. Training Set/2. Haemorrhages/IDRiD_48_HE.tif,A. Segmentation/2. All Segmentation Groundtruths/a. Training Set/3. Hard Exudates/IDRiD_48_EX.tif,A. Segmentation/2. All Segmentation Groundtruths/a. Training Set/4. Soft Exudates/IDRiD_48_SE.tif
32,32,A. Segmentation/1. Original Images/a. Training Set/IDRiD_11.jpg,A. Segmentation/2. All Segmentation Groundtruths/a. Training Set/5. Optic Disc/IDRiD_11_OD.tif,A. Segmentation/2. All Segmentation Groundtruths/a. Training Set/1. Microaneurysms/IDRiD_11_MA.tif,A. Segmentation/2. All Segmentation Groundtruths/a. Training Set/2. Haemorrhages/IDRiD_11_HE.tif,A. Segmentation/2. All Segmentation Groundtruths/a. Training Set/3. Hard Exudates/IDRiD_11_EX.tif,
33,33,A. Segmentation/1. Original Images/a. Training Set/IDRiD_23.jpg,A. Segmentation/2. All Segmentation Groundtruths/a. Training Set/5. Optic Disc/IDRiD_23_OD.tif,A. Segmentation/2. All Segmentation Groundtruths/a. Training Set/1. Microaneurysms/IDRiD_23_MA.tif,A. Segmentation/2. All Segmentation Groundtruths/a. Training Set/2. Haemorrhages/IDRiD_23_HE.tif,A. Segmentation/2. All Segmentation Groundtruths/a. Training Set/3. Hard Exudates/IDRiD_23_EX.tif,A. Segmentation/2. All Segmentation Groundtruths/a. Training Set/4. Soft Exudates/IDRiD_23_SE.tif
34,34,A. Segmentation/1. Original Images/a. Training Set/IDRiD_30.jpg,A. Segmentation/2. All Segmentation Groundtruths/a. Training Set/5. Optic Disc/IDRiD_30_OD.tif,A. Segmentation/2. All Segmentation Groundtruths/a. Training Set/1. Microaneurysms/IDRiD_30_MA.tif,A. Segmentation/2. All Segmentation Groundtruths/a. Training Set/2. Haemorrhages/IDRiD_30_HE.tif,A. Segmentation/2. All Segmentation Groundtruths/a. Training Set/3. Hard Exudates/IDRiD_30_EX.tif,A. Segmentation/2. All Segmentation Groundtruths/a. Training Set/4. Soft Exudates/IDRiD_30_SE.tif
35,35,A. Segmentation/1. Original Images/a. Training Set/IDRiD_13.jpg,A. Segmentation/2. All Segmentation Groundtruths/a. Training Set/5. Optic Disc/IDRiD_13_OD.tif,A. Segmentation/2. All Segmentation Groundtruths/a. Training Set/1. Microaneurysms/IDRiD_13_MA.tif,A. Segmentation/2. All Segmentation Groundtruths/a. Training Set/2. Haemorrhages/IDRiD_13_HE.tif,A. Segmentation/2. All Segmentation Groundtruths/a. Training Set/3. Hard Exudates/IDRiD_13_EX.tif,A. Segmentation/2. All Segmentation Groundtruths/a. Training Set/4. Soft Exudates/IDRiD_13_SE.tif
36,36,A. Segmentation/1. Original Images/a. Training Set/IDRiD_07.jpg,A. Segmentation/2. All Segmentation Groundtruths/a. Training Set/5. Optic Disc/IDRiD_07_OD.tif,A. Segmentation/2. All Segmentation Groundtruths/a. Training Set/1. Microaneurysms/IDRiD_07_MA.tif,A. Segmentation/2. All Segmentation Groundtruths/a. Training Set/2. Haemorrhages/IDRiD_07_HE.tif,A. Segmentation/2. All Segmentation Groundtruths/a. Training Set/3. Hard Exudates/IDRiD_07_EX.tif,
37,37,A. Segmentation/1. Original Images/a. Training Set/IDRiD_03.jpg,A. Segmentation/2. All Segmentation Groundtruths/a. Training Set/5. Optic Disc/IDRiD_03_OD.tif,A. Segmentation/2. All Segmentation Groundtruths/a. Training Set/1. Microaneurysms/IDRiD_03_MA.tif,A. Segmentation/2. All Segmentation Groundtruths/a. Training Set/2. Haemorrhages/IDRiD_03_HE.tif,A. Segmentation/2. All Segmentation Groundtruths/a. Training Set/3. Hard Exudates/IDRiD_03_EX.tif,A. Segmentation/2. All Segmentation Groundtruths/a. Training Set/4. Soft Exudates/IDRiD_03_SE.tif
38,38,A. Segmentation/1. Original Images/a. Training Set/IDRiD_53.jpg,A. Segmentation/2. All Segmentation Groundtruths/a. Training Set/5. Optic Disc/IDRiD_53_OD.tif,A. Segmentation/2. All Segmentation Groundtruths/a. Training Set/1. Microaneurysms/IDRiD_53_MA.tif,A. Segmentation/2. All Segmentation Groundtruths/a. Training Set/2. Haemorrhages/IDRiD_53_HE.tif,A. Segmentation/2. All Segmentation Groundtruths/a. Training Set/3. Hard Exudates/IDRiD_53_EX.tif,A. Segmentation/2. All Segmentation Groundtruths/a. Training Set/4. Soft Exudates/IDRiD_53_SE.tif
39,39,A. Segmentation/1. Original Images/a. Training Set/IDRiD_46.jpg,A. Segmentation/2. All Segmentation Groundtruths/a. Training Set/5. Optic Disc/IDRiD_46_OD.tif,A. Segmentation/2. All Segmentation Groundtruths/a. Training Set/1. Microaneurysms/IDRiD_46_MA.tif,A. Segmentation/2. All Segmentation Groundtruths/a. Training Set/2. Haemorrhages/IDRiD_46_HE.tif,A. Segmentation/2. All Segmentation Groundtruths/a. Training Set/3. Hard Exudates/IDRiD_46_EX.tif,A. Segmentation/2. All Segmentation Groundtruths/a. Training Set/4. Soft Exudates/IDRiD_46_SE.tif
40,40,A. Segmentation/1. Original Images/a. Training Set/IDRiD_50.jpg,A. Segmentation/2. All Segmentation Groundtruths/a. Training Set/5. Optic Disc/IDRiD_50_OD.tif,A. Segmentation/2. All Segmentation Groundtruths/a. Training Set/1. Microaneurysms/IDRiD_50_MA.tif,A. Segmentation/2. All Segmentation Groundtruths/a. Training Set/2. Haemorrhages/IDRiD_50_HE.tif,A. Segmentation/2. All Segmentation Groundtruths/a. Training Set/3. Hard Exudates/IDRiD_50_EX.tif,A. Segmentation/2. All Segmentation Groundtruths/a. Training Set/4. Soft Exudates/IDRiD_50_SE.tif
41,41,A. Segmentation/1. Original Images/a. Training Set/IDRiD_01.jpg,A. Segmentation/2. All Segmentation Groundtruths/a. Training Set/5. Optic Disc/IDRiD_01_OD.tif,A. Segmentation/2. All Segmentation Groundtruths/a. Training Set/1. Microaneurysms/IDRiD_01_MA.tif,A. Segmentation/2. All Segmentation Groundtruths/a. Training Set/2. Haemorrhages/IDRiD_01_HE.tif,A. Segmentation/2. All Segmentation Groundtruths/a. Training Set/3. Hard Exudates/IDRiD_01_EX.tif,
42,42,A. Segmentation/1. Original Images/a. Training Set/IDRiD_20.jpg,A. Segmentation/2. All Segmentation Groundtruths/a. Training Set/5. Optic Disc/IDRiD_20_OD.tif,A. Segmentation/2. All Segmentation Groundtruths/a. Training Set/1. Microaneurysms/IDRiD_20_MA.tif,A. Segmentation/2. All Segmentation Groundtruths/a. Training Set/2. Haemorrhages/IDRiD_20_HE.tif,A. Segmentation/2. All Segmentation Groundtruths/a. Training Set/3. Hard Exudates/IDRiD_20_EX.tif,
43,43,A. Segmentation/1. Original Images/a. Training Set/IDRiD_33.jpg,A. Segmentation/2. All Segmentation Groundtruths/a. Training Set/5. Optic Disc/IDRiD_33_OD.tif,A. Segmentation/2. All Segmentation Groundtruths/a. Training Set/1. Microaneurysms/IDRiD_33_MA.tif,A. Segmentation/2. All Segmentation Groundtruths/a. Training Set/2. Haemorrhages/IDRiD_33_HE.tif,A. Segmentation/2. All Segmentation Groundtruths/a. Training Set/3. Hard Exudates/IDRiD_33_EX.tif,A. Segmentation/2. All Segmentation Groundtruths/a. Training Set/4. Soft Exudates/IDRiD_33_SE.tif
44,44,A. Segmentation/1. Original Images/a. Training Set/IDRiD_28.jpg,A. Segmentation/2. All Segmentation Groundtruths/a. Training Set/5. Optic Disc/IDRiD_28_OD.tif,A. Segmentation/2. All Segmentation Groundtruths/a. Training Set/1. Microaneurysms/IDRiD_28_MA.tif,A. Segmentation/2. All Segmentation Groundtruths/a. Training Set/2. Haemorrhages/IDRiD_28_HE.tif,A. Segmentation/2. All Segmentation Groundtruths/a. Training Set/3. Hard Exudates/IDRiD_28_EX.tif,
45,45,A. Segmentation/1. Original Images/a. Training Set/IDRiD_08.jpg,A. Segmentation/2. All Segmentation Groundtruths/a. Training Set/5. Optic Disc/IDRiD_08_OD.tif,A. Segmentation/2. All Segmentation Groundtruths/a. Training Set/1. Microaneurysms/IDRiD_08_MA.tif,A. Segmentation/2. All Segmentation Groundtruths/a. Training Set/2. Haemorrhages/IDRiD_08_HE.tif,A. Segmentation/2. All Segmentation Groundtruths/a. Training Set/3. Hard Exudates/IDRiD_08_EX.tif,A. Segmentation/2. All Segmentation Groundtruths/a. Training Set/4. Soft Exudates/IDRiD_08_SE.tif
46,46,A. Segmentation/1. Original Images/a. Training Set/IDRiD_14.jpg,A. Segmentation/2. All Segmentation Groundtruths/a. Training Set/5. Optic Disc/IDRiD_14_OD.tif,A. Segmentation/2. All Segmentation Groundtruths/a. Training Set/1. Microaneurysms/IDRiD_14_MA.tif,A. Segmentation/2. All Segmentation Groundtruths/a. Training Set/2. Haemorrhages/IDRiD_14_HE.tif,A. Segmentation/2. All Segmentation Groundtruths/a. Training Set/3. Hard Exudates/IDRiD_14_EX.tif,A. Segmentation/2. All Segmentation Groundtruths/a. Training Set/4. Soft Exudates/IDRiD_14_SE.tif
47,47,A. Segmentation/1. Original Images/a. Training Set/IDRiD_22.jpg,A. Segmentation/2. All Segmentation Groundtruths/a. Training Set/5. Optic Disc/IDRiD_22_OD.tif,A. Segmentation/2. All Segmentation Groundtruths/a. Training Set/1. Microaneurysms/IDRiD_22_MA.tif,A. Segmentation/2. All Segmentation Groundtruths/a. Training Set/2. Haemorrhages/IDRiD_22_HE.tif,A. Segmentation/2. All Segmentation Groundtruths/a. Training Set/3. Hard Exudates/IDRiD_22_EX.tif,A. Segmentation/2. All Segmentation Groundtruths/a. Training Set/4. Soft Exudates/IDRiD_22_SE.tif
48,48,A. Segmentation/1. Original Images/a. Training Set/IDRiD_26.jpg,A. Segmentation/2. All Segmentation Groundtruths/a. Training Set/5. Optic Disc/IDRiD_26_OD.tif,A. Segmentation/2. All Segmentation Groundtruths/a. Training Set/1. Microaneurysms/IDRiD_26_MA.tif,A. Segmentation/2. All Segmentation Groundtruths/a. Training Set/2. Haemorrhages/IDRiD_26_HE.tif,A. Segmentation/2. All Segmentation Groundtruths/a. Training Set/3. Hard Exudates/IDRiD_26_EX.tif,
49,49,A. Segmentation/1. Original Images/a. Training Set/IDRiD_10.jpg,A. Segmentation/2. All Segmentation Groundtruths/a. Training Set/5. Optic Disc/IDRiD_10_OD.tif,A. Segmentation/2. All Segmentation Groundtruths/a. Training Set/1. Microaneurysms/IDRiD_10_MA.tif,A. Segmentation/2. All Segmentation Groundtruths/a. Training Set/2. Haemorrhages/IDRiD_10_HE.tif,A. Segmentation/2. All Segmentation Groundtruths/a. Training Set/3. Hard Exudates/IDRiD_10_EX.tif,
50,50,A. Segmentation/1. Original Images/a. Training Set/IDRiD_31.jpg,A. Segmentation/2. All Segmentation Groundtruths/a. Training Set/5. Optic Disc/IDRiD_31_OD.tif,A. Segmentation/2. All Segmentation Groundtruths/a. Training Set/1. Microaneurysms/IDRiD_31_MA.tif,A. Segmentation/2. All Segmentation Groundtruths/a. Training Set/2. Haemorrhages/IDRiD_31_HE.tif,A. Segmentation/2. All Segmentation Groundtruths/a. Training Set/3. Hard Exudates/IDRiD_31_EX.tif,A. Segmentation/2. All Segmentation Groundtruths/a. Training Set/4. Soft Exudates/IDRiD_31_SE.tif
51,51,A. Segmentation/1. Original Images/a. Training Set/IDRiD_43.jpg,A. Segmentation/2. All Segmentation Groundtruths/a. Training Set/5. Optic Disc/IDRiD_43_OD.tif,A. Segmentation/2. All Segmentation Groundtruths/a. Training Set/1. Microaneurysms/IDRiD_43_MA.tif,,A. Segmentation/2. All Segmentation Groundtruths/a. Training Set/3. Hard Exudates/IDRiD_43_EX.tif,
52,52,A. Segmentation/1. Original Images/a. Training Set/IDRiD_52.jpg,A. Segmentation/2. All Segmentation Groundtruths/a. Training Set/5. Optic Disc/IDRiD_52_OD.tif,A. Segmentation/2. All Segmentation Groundtruths/a. Training Set/1. Microaneurysms/IDRiD_52_MA.tif,A. Segmentation/2. All Segmentation Groundtruths/a. Training Set/2. Haemorrhages/IDRiD_52_HE.tif,A. Segmentation/2. All Segmentation Groundtruths/a. Training Set/3. Hard Exudates/IDRiD_52_EX.tif,A. Segmentation/2. All Segmentation Groundtruths/a. Training Set/4. Soft Exudates/IDRiD_52_SE.tif
53,53,A. Segmentation/1. Original Images/a. Training Set/IDRiD_49.jpg,A. Segmentation/2. All Segmentation Groundtruths/a. Training Set/5. Optic Disc/IDRiD_49_OD.tif,A. Segmentation/2. All Segmentation Groundtruths/a. Training Set/1. Microaneurysms/IDRiD_49_MA.tif,A. Segmentation/2. All Segmentation Groundtruths/a. Training Set/2. Haemorrhages/IDRiD_49_HE.tif,A. Segmentation/2. All Segmentation Groundtruths/a. Training Set/3. Hard Exudates/IDRiD_49_EX.tif,A. Segmentation/2. All Segmentation Groundtruths/a. Training Set/4. Soft Exudates/IDRiD_49_SE.tif
